,Type,Primary wire,width primary,height primary,Secondary wire,width secondary,height secondary,Stack mm,Tongue mm,wl mm,ww mm,Total Built,Core Loss,Copper Loss,Temperature rise Cu,Temperature rise Fe,Core weight,Conductor weight,Cost,Primary turns,Secondary turns,MTL Primary,MTL Secondary,TPL Primary,TPL Secondary,Length primary,Length secondary,Resistance primary,Resistance secondary,Cu surface area,Core surface area,Weight of Cu kg,Weight of Fe,Primary current,Primary voltage,Primary power,Secondary current,Secondary voltage,Secondary power
0,Lamination ,38,0.19,0.19,21,0.898,0.898,25.0,19.05,28.58,9.53,6.864000000000001,0.6178951700999998,0.6672653638260111,15.032737593610515,6.971649529995421,0.4119301133999999,0.07821145,140.20969564399996,1740.0,79.0,11.0,13.0,134.0,28.0,19140.0,1027.0,177.16363636363633,0.3323624595469255,40.872829599999996,95.95091999999998,0.07821145,0.4119301133999999,0.043478260869565216,230.0,10.0,1.0,10.0,10.0
1,Lamination ,38,0.19,0.19,21,0.898,0.898,20.0,20.0,30.0,10.0,8.142,0.5447519999999999,0.7638524618883236,15.953277385975625,6.504651072543053,0.36316799999999994,0.08875232,142.421584,2072.0,94.0,11.0,12.0,142.0,30.0,22792.0,1128.0,210.9672727272727,0.3650485436893203,43.5408,92.0,0.08875232,0.36316799999999994,0.043478260869565216,230.0,10.0,1.0,10.0,10.0
