,Type,Primary wire,width primary,height primary,Secondary wire,width secondary,height secondary,Stack mm,Tongue mm,wl mm,ww mm,Primary Built,Secondary Built,Total Built,Core Loss,Copper Loss,Temperature rise Cu,Temperature rise Fe,Total Cu Cost,Total Fe Cost,Core weight,Conductor weight,Cost,Primary turns,Secondary turns,MTL Primary,MTL Secondary,TPL Primary,TPL Secondary,Length primary,Length secondary,Resistance primary,Resistance secondary,Cu surface area,Core surface area,Weight of Cu kg,Weight of Fe,Primary current,Primary voltage,Primary power,Secondary current,Secondary voltage,Secondary power,Frequency,B max,bobbin,efficiency,Primary Layers,Secondary Layers,Weight Cu Primary,weight Cu Secondary
1,Lamination 30,38,0.19,0.19,21,0.898,0.898,20.0,20.0,30.0,10.0,2.85,3.7920000000000003,8.142,0.5447519999999999,0.7275975602338687,15.32520325532981,6.504651072543053,81.14558,90.79199999999999,0.36316799999999994,0.08541639999999999,171.93757999999997,2072.0,94.0,10.0,12.0,142.0,30.0,20720.0,1128.0,191.7884297520661,0.3650485436893203,43.5408,92.0,0.08541639999999999,0.36316799999999994,0.043478260869565216,230.0,10.0,1.0,10.0,10.0,50.0,1.25,1.5,88.71264989224242,15.0,4.0,0.0333592,0.052057200000000005
0,Lamination 23,38,0.19,0.19,21,0.898,0.898,25.0,19.05,28.58,9.53,2.47,2.894,6.864000000000001,0.6178951700999998,0.6416990207839399,14.555367151167523,6.971649529995421,70.83732,102.98252834999998,0.4119301133999999,0.07456560000000001,173.81984834999997,1740.0,79.0,11.0,12.0,134.0,28.0,19140.0,948.0,177.16363636363633,0.30679611650485433,40.872829599999996,95.95091999999998,0.07456560000000001,0.4119301133999999,0.043478260869565216,230.0,10.0,1.0,10.0,10.0,50.0,1.25,1.5,88.81314752974187,13.0,3.0,0.0308154,0.0437502
